id,group,name,gender,color,city
1,provide a list of 3-5 items,Nada,Female,Crimson,Viana do Alentejo
2,provide a list of 3-5 items,Augie,Male,Turquoise,Bačka Palanka
3,provide a list of 3-5 items,Constancia,Female,Pink,Aragarças
4,provide a list of 3-5 items,Reinhold,Male,Maroon,Rustam jo Goth
5,provide a list of 3-5 items,Osbourne,Male,Yellow,Shuigou’ao
6,provide a list of 3-5 items,Ashlan,Female,Teal,Loma Bonita
7,provide a list of 3-5 items,Betty,Female,Orange,Kifrī
8,provide a list of 3-5 items,Giraud,Male,Goldenrod,São João da Boa Vista
9,provide a list of 3-5 items,Dore,Male,Violet,Lagodekhi
10,provide a list of 3-5 items,Annis,Female,Pink,Poissy
11,provide a list of 3-5 items,Aarika,Female,Orange,Chimanimani
12,provide a list of 3-5 items,Garvey,Male,Indigo,Lāchi
13,provide a list of 3-5 items,Alfred,Male,Blue,Sabang
14,provide a list of 3-5 items,Kendall,Male,Red,Kokkári
15,provide a list of 3-5 items,Madeleine,Female,Turquoise,Karangtengah Lor
16,provide a list of 3-5 items,Mata,Male,Puce,Chaumont
17,provide a list of 3-5 items,Tatiania,Female,Puce,Asheville
18,provide a list of 3-5 items,Keenan,Male,Violet,Alexandria
19,provide a list of 3-5 items,Meryl,Female,Goldenrod,Chengdong
20,provide a list of 3-5 items,Curcio,Male,Turquoise,Yanghe
21,provide a list of 3-5 items,Xenia,Female,Orange,Helsingborg
22,provide a list of 3-5 items,Arlyn,Female,Orange,Huainan
23,provide a list of 3-5 items,Teddie,Male,Indigo,Xueshan
24,provide a list of 3-5 items,Anjela,Female,,Mubi
25,provide a list of 3-5 items,Marjorie,Female,Indigo,Tamansari
26,,Briggs,Male,Aquamarine,Uritsk
27,provide a list of 3-5 items,Benjy,Male,Green,Maoping
28,provide a list of 3-5 items,Izak,Male,Crimson,Newark
29,provide a list of 3-5 items,Koo,Female,Crimson,Hồ Xá
30,provide a list of 3-5 items,Danica,Female,,Dve Mogili
31,provide a list of 3-5 items,Nikkie,Female,Khaki,Pomacanchi
32,provide a list of 3-5 items,Rhetta,Female,Khaki,Hangji
33,provide a list of 3-5 items,Allistir,Male,Puce,Balading
34,provide a list of 3-5 items,Alyson,Female,Maroon,Jinshan
35,provide a list of 3-5 items,Miranda,Female,Puce,Liuhao
36,provide a list of 3-5 items,Raynell,Female,Mauv,Heshan
37,provide a list of 3-5 items,Devina,Female,Purple,Al Jadīd
38,provide a list of 3-5 items,Clary,Female,Maroon,Malaga
39,provide a list of 3-5 items,Othelia,Female,Green,Zandak
40,provide a list of 3-5 items,Jed,Male,,Yuncheng
41,provide a list of 3-5 items,Nananne,Female,,Xiying
42,provide a list of 3-5 items,Morten,Male,Yellow,Burgersfort
43,provide a list of 3-5 items,Kim,Male,,Guaiúba
44,provide a list of 3-5 items,Rockwell,Male,Blue,Cergy-Pontoise
45,provide a list of 3-5 items,Clifford,Male,Puce,
46,provide a list of 3-5 items,Brook,Female,Pink,Zhuangbian
47,provide a list of 3-5 items,El,Male,Yellow,Nkandla
48,provide a list of 3-5 items,Rora,Female,Violet,Sirnaresmi
49,provide a list of 3-5 items,Darrell,Male,Turquoise,Torrevieja
50,provide a list of 3-5 items,Megen,Female,Crimson,Sauce
51,provide a list of 3-5 items,Ferdy,Male,Violet,Daliang
52,provide a list of 3-5 items,Edyth,Female,Goldenrod,Bankim
53,,Shawn,Male,Purple,Hovorany
54,provide a list of 3-5 items,Dallon,Male,Teal,San Cristóbal Verapaz
55,provide a list of 3-5 items,Ransom,Male,Yellow,Passos
56,provide a list of 3-5 items,Stoddard,Female,Yellow,Zhouxi
57,provide a list of 3-5 items,Joachim,Male,Purple,Cuiabá
58,provide a list of 3-5 items,Starr,Female,Puce,Giedlarowa
59,provide a list of 3-5 items,Norah,Female,Red,Nansan
60,provide a list of 3-5 items,Aldric,Male,Indigo,Calde
61,provide a list of 3-5 items,Jeanette,Female,Goldenrod,Bromma
62,provide a list of 3-5 items,Calida,Female,,
63,provide a list of 3-5 items,Marmaduke,Male,Green,Xambabazar
64,provide a list of 3-5 items,Keith,Male,Red,Hexi
65,provide a list of 3-5 items,Lalo,Male,Red,Banjar Dukuh
66,provide a list of 3-5 items,Alvis,Male,Violet,Zengguang
67,provide a list of 3-5 items,Anni,Female,Teal,Sepolong Timur
68,provide a list of 3-5 items,Baird,Male,Green,Nantes
69,provide a list of 3-5 items,Timofei,Male,Khaki,Uhlove
70,,Cati,Female,Crimson,Francisco Villa
71,provide a list of 3-5 items,Lilas,Female,Khaki,Kopen
72,provide a list of 3-5 items,Ezra,Male,Teal,Santiago Vázquez
73,,Sydelle,Female,Red,Frederiksberg
74,provide a list of 3-5 items,Alina,Female,Goldenrod,Pumai
75,provide a list of 3-5 items,Salim,Male,Crimson,San Pascual
76,provide a list of 3-5 items,Ginni,Female,Turquoise,Puntaru
77,provide a list of 3-5 items,Angel,Male,Red,Cerca la Source
78,provide a list of 3-5 items,Husain,Male,Indigo,Lipnica
79,provide a list of 3-5 items,Brittne,Female,Fuscia,Fantino
80,provide a list of 3-5 items,Archy,Male,Indigo,Angoulême
81,provide a list of 3-5 items,Halley,Female,Red,Sawin
82,provide a list of 3-5 items,Xena,Female,Mauv,Babakankiray
83,,Bernelle,Female,Orange,Shireet
84,provide a list of 3-5 items,Shane,Female,Turquoise,
85,provide a list of 3-5 items,Xerxes,Male,Yellow,Hanjiashu
86,provide a list of 3-5 items,Brita,Female,Purple,San Sebastian
87,provide a list of 3-5 items,Cherry,Female,Green,Dimayon
88,provide a list of 3-5 items,Colette,Female,Violet,Jiangqiao
89,provide a list of 3-5 items,Patrizio,Male,Maroon,Don Chedi
90,provide a list of 3-5 items,Josefina,Female,Orange,Baranovichi
91,provide a list of 3-5 items,Rona,Female,,Xuancheng
92,provide a list of 3-5 items,Gayle,Male,Green,Pires do Rio
93,provide a list of 3-5 items,Shanna,Female,Blue,Góra
94,provide a list of 3-5 items,Elianore,Female,Turquoise,Villeneuve-d'Ascq
95,provide a list of 3-5 items,Robin,Female,Khaki,Tarrafal de São Nicolau
96,provide a list of 3-5 items,Bucky,Male,,Nagrak
97,provide a list of 3-5 items,Kimmie,Female,Khaki,Port Area
98,provide a list of 3-5 items,Alfy,Female,Green,Aş Şanamayn
99,provide a list of 3-5 items,Debera,Female,Green,Renshan
100,provide a list of 3-5 items,Barny,Male,Pink,Yu’erhong
101,,Augy,Male,Crimson,Yanmen
102,provide a list of 3-5 items,Fritz,Male,Pink,
103,,Xylina,Female,Indigo,Kool Tengah
104,provide a list of 3-5 items,Jaquith,Female,Khaki,Yichun
105,provide a list of 3-5 items,Garrard,Male,Purple,Dongyuan
106,provide a list of 3-5 items,Harri,Female,Goldenrod,Chonglou
107,provide a list of 3-5 items,Adrian,Male,Yellow,Kinnula
108,provide a list of 3-5 items,Sherlocke,Male,Mauv,Ceadîr-Lunga
109,provide a list of 3-5 items,Cameron,Male,Maroon,Jianxi
110,provide a list of 3-5 items,Zachary,Male,Mauv,Springbok
111,provide a list of 3-5 items,Cheston,Male,Goldenrod,Yingcheng
112,provide a list of 3-5 items,Sidnee,Male,Fuscia,Hüremt
113,provide a list of 3-5 items,Paula,Female,Teal,
114,provide a list of 3-5 items,Tiebout,Male,Red,Medaya
115,provide a list of 3-5 items,Silvano,Male,Yellow,Havlíčkův Brod
116,provide a list of 3-5 items,Bobby,Male,Pink,Mukařov
117,provide a list of 3-5 items,Esme,Female,Maroon,Nabunturan
118,provide a list of 3-5 items,Dukey,Male,Green,Kadumelati
119,provide a list of 3-5 items,Mahala,Female,Purple,Gigant
120,provide a list of 3-5 items,Peria,Female,Aquamarine,Chubek
121,provide a list of 3-5 items,Valaria,Female,Blue,Sotíra
122,provide a list of 3-5 items,Catie,Female,Purple,Garupá
123,,Megen,Female,Green,Bongandanga
124,provide a list of 3-5 items,Elwyn,Male,Orange,Hradec nad Moravici
125,provide a list of 3-5 items,Caryl,Female,Fuscia,San Juan Atitán
126,provide a list of 3-5 items,Donielle,Female,Goldenrod,Xitianwei
127,provide a list of 3-5 items,Juliette,Female,Puce,Kedunglo
128,,Judy,Female,Teal,
129,provide a list of 3-5 items,Odie,Male,Violet,Kalasin
130,provide a list of 3-5 items,Paquito,Male,Maroon,Bahía Honda
131,provide a list of 3-5 items,Dawn,Female,Maroon,Mawlamyine
132,provide a list of 3-5 items,Sanderson,Male,Blue,Klagen
133,,Christal,Female,Khaki,Encruzilhada do Sul
134,provide a list of 3-5 items,Georgeta,Female,Green,Stockholm
135,provide a list of 3-5 items,Berke,Male,Khaki,
136,provide a list of 3-5 items,Arin,Male,Mauv,Koror
137,provide a list of 3-5 items,Josefina,Female,Pink,Migues
138,provide a list of 3-5 items,Dacia,Female,Fuscia,
139,provide a list of 3-5 items,Lorie,Female,Crimson,Callanca
140,provide a list of 3-5 items,Carly,Female,Puce,Somerset East
141,provide a list of 3-5 items,Godiva,Female,Maroon,Shamkhor
142,provide a list of 3-5 items,Moyna,Female,Maroon,Flor da Rosa
143,provide a list of 3-5 items,Cathleen,Female,Purple,Psyzh
144,provide a list of 3-5 items,Stillman,Male,Yellow,Iganga
145,provide a list of 3-5 items,Renato,Male,Indigo,Paris 17
146,provide a list of 3-5 items,Hilliard,Male,Puce,Zhangjiafang
147,provide a list of 3-5 items,Barris,Male,Turquoise,Fenglin
148,provide a list of 3-5 items,Alika,Female,Mauv,General Levalle
149,provide a list of 3-5 items,Barbee,Female,Orange,Ōi
150,provide a list of 3-5 items,Wolfgang,Male,Blue,Vitanje
151,provide a list of 3-5 items,Casey,Female,Pink,Damao
152,provide a list of 3-5 items,Waverly,Male,Yellow,München
153,provide a list of 3-5 items,Viviyan,Female,Purple,Flores da Cunha
154,provide a list of 3-5 items,Minetta,Female,Pink,Örebro
155,provide a list of 3-5 items,Roscoe,Male,Indigo,Baozi
156,provide a list of 3-5 items,Ossie,Male,Aquamarine,Clogherhead
157,provide a list of 3-5 items,Jamesy,Male,Pink,Yangshufang
158,provide a list of 3-5 items,Jelene,Female,Mauv,Linglong
159,provide a list of 3-5 items,Faydra,Female,Purple,Thị Trấn Yên Thịnh
160,provide a list of 3-5 items,Cesya,Female,Red,Pantin
161,provide a list of 3-5 items,Gerry,Male,Yellow,Chuanbu
162,provide a list of 3-5 items,Mathias,Male,Blue,Petrópolis
163,,Meredeth,Male,Teal,Bulusari
164,provide a list of 3-5 items,Arden,Female,Crimson,Mirny
165,provide a list of 3-5 items,Adair,Male,Blue,Moss
166,provide a list of 3-5 items,Margo,Female,Turquoise,Talawi
167,provide a list of 3-5 items,Fax,Male,Puce,Estancia
168,provide a list of 3-5 items,Rafaelia,Female,,Longshan
169,provide a list of 3-5 items,Mahala,Female,Crimson,Bojadła
170,provide a list of 3-5 items,Aggy,Female,,Kālīganj
171,provide a list of 3-5 items,Kizzie,Female,Blue,Acton Vale
172,provide a list of 3-5 items,Ernest,Male,Green,Whitegate
173,provide a list of 3-5 items,Obidiah,Male,Pink,Xishan
174,provide a list of 3-5 items,Leopold,Male,Puce,Genengan Kulon
175,provide a list of 3-5 items,Velma,Female,Maroon,Karangpete
176,provide a list of 3-5 items,Fran,Male,Turquoise,Xiazhai
177,provide a list of 3-5 items,Lefty,Male,Yellow,Clarence-Rockland
178,provide a list of 3-5 items,Denni,Female,Blue,Lāliān
179,,Taylor,Male,Yellow,Valvedditturai
180,provide a list of 3-5 items,Thain,Male,Green,Campamento
181,provide a list of 3-5 items,Field,Male,Aquamarine,Nanfeng
182,provide a list of 3-5 items,Merilee,Female,,Panadura
183,provide a list of 3-5 items,Hannis,Female,Orange,Vyatskiye Polyany
184,provide a list of 3-5 items,Cedric,Male,Teal,Matabao
185,provide a list of 3-5 items,Merrily,Female,Red,Boundiali
186,provide a list of 3-5 items,Karole,Female,Maroon,Vinhais
187,provide a list of 3-5 items,Kenn,Male,Khaki,Chengshan
188,provide a list of 3-5 items,Hadrian,Male,Blue,Horní Suchá
189,provide a list of 3-5 items,Nicko,Male,Orange,Puerto Quellón
190,provide a list of 3-5 items,Galven,Male,,Pisangkemeng
191,provide a list of 3-5 items,Raphaela,Female,Puce,Bhakkar
192,provide a list of 3-5 items,Olympia,Female,Fuscia,Zhonglong
193,provide a list of 3-5 items,Clarice,Female,Mauv,Varginha
194,provide a list of 3-5 items,Olly,Male,Indigo,Yishui
195,provide a list of 3-5 items,Ellene,Female,Fuscia,Ribeira Grande
196,provide a list of 3-5 items,Cassey,Female,Turquoise,Si Somdet
197,provide a list of 3-5 items,Abelard,Male,Orange,Grand-Bassam
198,provide a list of 3-5 items,Boothe,Male,Purple,Kobeřice
199,provide a list of 3-5 items,Shelagh,Female,Indigo,Panalo-on
200,provide a list of 3-5 items,Yuri,Male,Khaki,Néos Oropós
